{
    "Search Engines": [
        {
            "suggestions_url": "https://duckduckgo.com/ac/?q\u003d{searchTerms}\u0026type\u003dlist",
            "favicon_url": "https://duckduckgo.com/favicon.ico",
            "safe_for_autoreplace": true,
            "date_created": 0,
            "url": "https://duckduckgo.com/?q\u003d{searchTerms}",
            "new_tab_url": "https://duckduckgo.com/chrome_newtab",
            "originating_url": "",
            "sync_guid": "485bf7d3-0215-45af-87dc-538868000092",
            "short_name": "DuckDuckGo",
            "keyword": "duckduckgo.com",
            "input_encodings": "UTF-8",
            "prepopulate_id": 92,
            "last_modified": 0
},
        {
            "suggestions_url": "https://id.search.yahoo.com/sugg/chrome?output\u003dfxjson\u0026appid\u003dcrmas\u0026command\u003d{searchTerms}",
            "favicon_url": "https://id.search.yahoo.com/favicon.ico",
            "safe_for_autoreplace": true,
            "date_created": 0,
            "url": "https://id.search.yahoo.com/search{google:pathWildcard}?ei\u003d{inputEncoding}\u0026fr\u003dcrmas\u0026p\u003d{searchTerms}",
            "new_tab_url": "",
            "originating_url": "",
            "sync_guid": "485bf7d3-0215-45af-87dc-538868000002",
            "short_name": "Yahoo! Indonesia",
            "keyword": "id.yahoo.com",
            "input_encodings": "UTF-8",
            "prepopulate_id": 2,
            "last_modified": 0
},
        {
            "suggestions_url": "{google:baseSuggestURL}search?{google:searchFieldtrialParameter}client\u003d{google:suggestClient}\u0026gs_ri\u003d{google:suggestRid}\u0026xssi\u003dt\u0026q\u003d{searchTerms}\u0026{google:inputType}{google:omniboxFocusType}{google:cursorPosition}{google:currentPageUrl}{google:pageClassification}{google:searchVersion}{google:sessionToken}{google:prefetchQuery}sugkey\u003d{google:suggestAPIKeyParameter}",
            "image_url_post_params": "encoded_image\u003d{google:imageThumbnail},image_url\u003d{google:imageURL},sbisrc\u003d{google:imageSearchSource},original_width\u003d{google:imageOriginalWidth},original_height\u003d{google:imageOriginalHeight}",
            "favicon_url": "https://www.google.com/images/branding/product/ico/googleg_lodp.ico",
            "safe_for_autoreplace": true,
            "date_created": 0,
            "image_url": "{google:baseURL}searchbyimage/upload",
            "url": "{google:baseURL}search?q\u003d{searchTerms}\u0026{google:RLZ}{google:originalQueryForSuggestion}{google:assistedQueryStats}{google:searchFieldtrialParameter}{google:iOSSearchLanguage}{google:searchClient}{google:sourceId}{google:contextualSearchVersion}ie\u003d{inputEncoding}",
            "new_tab_url": "",
            "originating_url": "",
            "sync_guid": "485bf7d3-0215-45af-87dc-538868000001",
            "short_name": "Google",
            "keyword": "google.com",
            "input_encodings": "UTF-8",
            "alternate_urls": [
                        "{google:baseURL}#q\u003d{searchTerms}",
                        "{google:baseURL}search#q\u003d{searchTerms}",
                        "{google:baseURL}webhp#q\u003d{searchTerms}",
                        "{google:baseURL}s#q\u003d{searchTerms}",
                        "{google:baseURL}s?q\u003d{searchTerms}"
            ],
            "prepopulate_id": 1,
            "last_modified": 0
},
        {
            "suggestions_url": "https://www.bing.com/osjson.aspx?query\u003d{searchTerms}\u0026language\u003d{language}\u0026PC\u003dU316",
            "image_url_post_params": "imageBin\u003d{google:imageThumbnailBase64}",
            "favicon_url": "https://www.bing.com/sa/simg/bing_p_rr_teal_min.ico",
            "safe_for_autoreplace": true,
            "date_created": 0,
            "image_url": "https://www.bing.com/images/detail/search?iss\u003dsbiupload\u0026FORM\u003dCHROMI#enterInsights",
            "url": "https://www.bing.com/search?q\u003d{searchTerms}\u0026PC\u003dU316\u0026FORM\u003dCHROMN",
            "new_tab_url": "https://www.bing.com/chrome/newtab",
            "originating_url": "",
            "sync_guid": "485bf7d3-0215-45af-87dc-538868000003",
            "short_name": "Bing",
            "keyword": "bing.com",
            "input_encodings": "UTF-8",
            "prepopulate_id": 3,
            "last_modified": 0
}
    ]
}