[{
  "device": {
    "mostRecentData": {
      "carrierName": "Smartfren",
      "playStoreClientVersion": 81891100,
      "manufacturer": "LGE",
      "modelName": "LM-G710",
      "deviceName": "judyln",
      "productName": "judyln_lao_com",
      "retailBrand": "lge",
      "totalMemoryBytes": "5916528640",
      "nativePlatform": ["arm64-v8a", "armeabi-v7a", "armeabi"],
      "deviceIpCountry": "ID",
      "userLocale": "in_ID",
      "buildFingerprint": "lge/judyln_lao_com/judyln:8.0.0/OPR1.170623.032/191652258f54f.FGN:user/release-keys",
      "androidSdkVersion": "26"
    },
    "deviceRegistrationTime": "2019-05-01T18:06:13.434Z",
    "userAddedOnDeviceTime": "2020-01-10T05:52:35.742Z",
    "lastTimeDeviceActive": "2020-02-21T23:47:46.180063Z"
  }
}]