{
    "Apps": [
        {
            "app_launch_ordinal": "t",
            "extension": {
                        "incognito_enabled": true,
                        "remote_install": false,
                        "disable_reasons": 0,
                        "installed_by_custodian": false,
                        "update_url": "",
                        "name": "Web Store",
                        "id": "ahfgeienlihckogmohjhadlkjgocpleb",
                        "version": "0.2",
                        "enabled": true
            },
            "page_ordinal": "n"
}
    ],
    "App Settings": [],
    "Preferences": [
        {
            "name": "profile.content_settings.exceptions.cookies",
            "value": "{}"
},
        {
            "name": "sharing.vapid_key",
            "value": "{\"vapid_creation_timestamp\":\"13226991533916167\",\"vapid_private_key\":\"MIGHAgEAMBMGByqGSM49AgEGCCqGSM49AwEHBG0wawIBAQQgY9Okode6lPQBIEtz2BR3+s69v5ndcqsS05R78St3NC6hRANCAASKxWIMNIxCjBZ8JRw1YoTQURDndHWDQ7Rf5XIM7/JhqSXL8dQgAeOKik4XcpohFnYlnasX6Gib1zB/JJ/mCBag\"}"
},
        {
            "name": "translate_ignored_count_for_language",
            "value": "{\"id\":1}"
},
        {
            "name": "profile.content_settings.exceptions.flash_data",
            "value": "{}"
},
        {
            "name": "profile.content_settings.exceptions.popups",
            "value": "{}"
},
        {
            "name": "profile.content_settings.exceptions.automatic_downloads",
            "value": "{}"
},
        {
            "name": "profile.content_settings.exceptions.javascript",
            "value": "{}"
},
        {
            "name": "profile.content_settings.exceptions.images",
            "value": "{}"
},
        {
            "name": "sharing.synced_devices",
            "value": "{\"zvI4P4D6UiweQsFvdRQeiA\u003d\u003d\":{\"device_auth_secret\":\"iFOsb+Hn7AXnFwhVoXYgbw\u003d\u003d\",\"device_capabilities\":2,\"device_fcm_token\":\"dfS-y8KgaDc:APA91bHAA3cAX5NDXtgxr8TxrCrhxqgus8a-O3KMyj0VTwnmAy7bIAGG8CMM9Rkgnl2GZMtMQvC6hbl3fTF3BcvAmdRt3KBgHbnt2BwwhsP3ChWBKBcB57QIzuekM9fZOw8tibrjnCVd\",\"device_p256dh\":\"BEALo8q2WPVLAsz5vTA2riIfbxoO7pQ/HYMATMS/cLrQNh5tcUJaSTjz6lRLS/rylsY9X30rbRx0FOOAxHzsIaI\u003d\"}}"
}
    ],
    "Themes": [
        {
            "use_system_theme_by_default": false,
            "use_custom_theme": false
}
    ],
    "Managed Users": []
}